{
    "1-acc": 0.52,
    "2-dg-acc": 0.04,
    "4-data-valid": 0.96,
    "5-code-exec": 0.6,
    "3-cost": 3.6135832,
    "4-data-sim1": 0.6012,
    "4-data-sim2": 0.5537168498203521,
    "4-data-sim3": 0.784588,
    "4-data-sim4": 0.5521459784651941,
    "5-code-sim1": 0.472,
    "5-code-sim2": 0.9315010929107665,
    "5-code-sim3": 0.392,
    "5-code-sim4": 0.9443610858917236
}