{
  "1": {
    "1-acc": true,
    "2-dg-acc": false,
    "3-cost": 0.07327884999999999,
    "4-data-valid": true,
    "4-data-sim1": 0.4,
    "4-data-sim2": 0.3031381719804821,
    "4-data-sim3": 0.7312,
    "4-data-sim4": 0.5765716055232128,
    "5-code-exec": true,
    "5-code-sim1": 0.6,
    "5-code-sim2": 0.9811602830886841,
    "5-code-sim3": 0.2,
    "5-code-sim4": 0.9843326807022095
  },
  "2": {
    "1-acc": true,
    "2-dg-acc": false,
    "3-cost": 0.027052450000000002,
    "4-data-valid": false,
    "4-data-sim1": 0,
    "4-data-sim2": 0,
    "4-data-sim3": 0,
    "4-data-sim4": 0,
    "5-code-exec": false,
    "5-code-sim1": 0.2,
    "5-code-sim2": 0.5806841850280762,
    "5-code-sim3": 0.0,
    "5-code-sim4": 0.589187741279602
  },
  "3": {
    "1-acc": false,
    "2-dg-acc": false,
    "3-cost": 0.02541985,
    "4-data-valid": true,
    "4-data-sim1": 0.6,
    "4-data-sim2": 0.6295144155135772,
    "4-data-sim3": 0.689,
    "4-data-sim4": 0.6619514854386321,
    "5-code-exec": true,
    "5-code-sim1": 1.0,
    "5-code-sim2": 0.9814261198043823,
    "5-code-sim3": 1.0,
    "5-code-sim4": 0.9841840863227844
  },
  "4": {
    "1-acc": false,
    "2-dg-acc": false,
    "3-cost": 0.025414,
    "4-data-valid": true,
    "4-data-sim1": 0.6,
    "4-data-sim2": 0.2649679299764882,
    "4-data-sim3": 0.82,
    "4-data-sim4": 0.4032602181237395,
    "5-code-exec": true,
    "5-code-sim1": 0.2,
    "5-code-sim2": 0.9487289190292358,
    "5-code-sim3": 0.0,
    "5-code-sim4": 0.9737136960029602
  },
  "5": {
    "1-acc": true,
    "2-dg-acc": true,
    "3-cost": 0.02546035,
    "4-data-valid": true,
    "4-data-sim1": 0.5,
    "4-data-sim2": 0.7650537785491609,
    "4-data-sim3": 0.9425,
    "4-data-sim4": 0.7890853827878719,
    "5-code-exec": true,
    "5-code-sim1": 0.1,
    "5-code-sim2": 0.86758953332901,
    "5-code-sim3": 0.1,
    "5-code-sim4": 0.8845909237861633
  },
  "6": {
    "1-acc": true,
    "2-dg-acc": false,
    "3-cost": 0.025604800000000004,
    "4-data-valid": true,
    "4-data-sim1": 0.7,
    "4-data-sim2": 0.4986866094679777,
    "4-data-sim3": 0.8234,
    "4-data-sim4": 0.5098613245669268,
    "5-code-exec": true,
    "5-code-sim1": 0.3,
    "5-code-sim2": 0.9459035396575928,
    "5-code-sim3": 0.3,
    "5-code-sim4": 0.9789872765541077
  },
  "7": {
    "1-acc": false,
    "2-dg-acc": false,
    "3-cost": 0.02552245,
    "4-data-valid": true,
    "4-data-sim1": 0.85,
    "4-data-sim2": 0.6551329954232732,
    "4-data-sim3": 0.8345,
    "4-data-sim4": 0.5350311570603796,
    "5-code-exec": true,
    "5-code-sim1": 0.3,
    "5-code-sim2": 0.9479840397834778,
    "5-code-sim3": 0.4,
    "5-code-sim4": 0.9787263870239258
  },
  "8": {
    "1-acc": false,
    "2-dg-acc": false,
    "3-cost": 0.025441000000000002,
    "4-data-valid": true,
    "4-data-sim1": 0.6,
    "4-data-sim2": 0.5352194239648065,
    "4-data-sim3": 0.6321,
    "4-data-sim4": 0.506454500984576,
    "5-code-exec": false,
    "5-code-sim1": 0.5,
    "5-code-sim2": 0.9632267951965332,
    "5-code-sim3": 0.5,
    "5-code-sim4": 0.9689964056015015
  },
  "9": {
    "1-acc": true,
    "2-dg-acc": false,
    "3-cost": 0.02542495,
    "4-data-valid": true,
    "4-data-sim1": 0.65,
    "4-data-sim2": 0.6856323205087167,
    "4-data-sim3": 0.88,
    "4-data-sim4": 0.6638843345017227,
    "5-code-exec": false,
    "5-code-sim1": 1.0,
    "5-code-sim2": 0.9686868190765381,
    "5-code-sim3": 0.5,
    "5-code-sim4": 0.9859095811843872
  },
  "10": {
    "1-acc": false,
    "2-dg-acc": false,
    "3-cost": 0.0254689,
    "4-data-valid": true,
    "4-data-sim1": 0.7,
    "4-data-sim2": 0.542260208295956,
    "4-data-sim3": 0.95,
    "4-data-sim4": 0.3859429756545308,
    "5-code-exec": false,
    "5-code-sim1": 0.8,
    "5-code-sim2": 0.9716929197311401,
    "5-code-sim3": 0.8,
    "5-code-sim4": 0.9726859927177429
  },
  "11": {
    "1-acc": true,
    "2-dg-acc": false,
    "3-cost": 0.06178015,
    "4-data-valid": true,
    "4-data-sim1": 0.5,
    "4-data-sim2": 0.49197811544033104,
    "4-data-sim3": 0.9825,
    "4-data-sim4": 0.45379402494580146,
    "5-code-exec": true,
    "5-code-sim1": 0.2,
    "5-code-sim2": 0.9379885792732239,
    "5-code-sim3": 0.2,
    "5-code-sim4": 0.9569119811058044
  },
  "12": {
    "1-acc": false,
    "2-dg-acc": false,
    "3-cost": 0.025600600000000005,
    "4-data-valid": true,
    "4-data-sim1": 0.6,
    "4-data-sim2": 0.5186073215946738,
    "4-data-sim3": 0.865,
    "4-data-sim4": 0.38729800026875405,
    "5-code-exec": false,
    "5-code-sim1": 0.3,
    "5-code-sim2": 0.9208199381828308,
    "5-code-sim3": 0.3,
    "5-code-sim4": 0.9178018569946289
  },
  "13": {
    "1-acc": true,
    "2-dg-acc": false,
    "3-cost": 0.025607050000000003,
    "4-data-valid": true,
    "4-data-sim1": 0.85,
    "4-data-sim2": 0.6072984144453345,
    "4-data-sim3": 0.942,
    "4-data-sim4": 0.7640733726424047,
    "5-code-exec": false,
    "5-code-sim1": 0.6,
    "5-code-sim2": 0.9280166625976562,
    "5-code-sim3": 0.7,
    "5-code-sim4": 0.9464171528816223
  },
  "14": {
    "1-acc": false,
    "2-dg-acc": false,
    "3-cost": 0.07346905,
    "4-data-valid": true,
    "4-data-sim1": 0.85,
    "4-data-sim2": 0.7994726846042866,
    "4-data-sim3": 0.892,
    "4-data-sim4": 0.7200520096042146,
    "5-code-exec": false,
    "5-code-sim1": 0.8,
    "5-code-sim2": 0.9771752953529358,
    "5-code-sim3": 0.9,
    "5-code-sim4": 0.9867852330207825
  },
  "15": {
    "1-acc": false,
    "2-dg-acc": false,
    "3-cost": 0.025591600000000003,
    "4-data-valid": true,
    "4-data-sim1": 0.6,
    "4-data-sim2": 0.46226024447299235,
    "4-data-sim3": 0.8623,
    "4-data-sim4": 0.49141538979070487,
    "5-code-exec": false,
    "5-code-sim1": 0.3,
    "5-code-sim2": 0.9053303599357605,
    "5-code-sim3": 0.2,
    "5-code-sim4": 0.8980901837348938
  },
  "16": {
    "1-acc": false,
    "2-dg-acc": false,
    "3-cost": 0.025455250000000002,
    "4-data-valid": true,
    "4-data-sim1": 0.4,
    "4-data-sim2": 0.5301809083320274,
    "4-data-sim3": 0.885,
    "4-data-sim4": 0.4732414363527962,
    "5-code-exec": true,
    "5-code-sim1": 0.2,
    "5-code-sim2": 0.9165530204772949,
    "5-code-sim3": 0.2,
    "5-code-sim4": 0.9231555461883545
  },
  "17": {
    "1-acc": true,
    "2-dg-acc": false,
    "3-cost": 0.07346215,
    "4-data-valid": true,
    "4-data-sim1": 0.7,
    "4-data-sim2": 0.5545959177047497,
    "4-data-sim3": 0.8923,
    "4-data-sim4": 0.44362244627088443,
    "5-code-exec": false,
    "5-code-sim1": 0.5,
    "5-code-sim2": 0.9283016920089722,
    "5-code-sim3": 0.3,
    "5-code-sim4": 0.9469978213310242
  },
  "18": {
    "1-acc": true,
    "2-dg-acc": false,
    "3-cost": 0.07325334999999998,
    "4-data-valid": true,
    "4-data-sim1": 0.78,
    "4-data-sim2": 0.9323075602398971,
    "4-data-sim3": 0.95,
    "4-data-sim4": 0.8745316753683466,
    "5-code-exec": true,
    "5-code-sim1": 0.2,
    "5-code-sim2": 0.9802244305610657,
    "5-code-sim3": 0.5,
    "5-code-sim4": 0.9797520637512207
  },
  "19": {
    "1-acc": true,
    "2-dg-acc": false,
    "3-cost": 0.025543000000000003,
    "4-data-valid": true,
    "4-data-sim1": 0.5,
    "4-data-sim2": 0.7091301508826976,
    "4-data-sim3": 0.6875,
    "4-data-sim4": 0.6323152831608616,
    "5-code-exec": false,
    "5-code-sim1": 0.8,
    "5-code-sim2": 0.9656276702880859,
    "5-code-sim3": 0.5,
    "5-code-sim4": 0.9804643988609314
  },
  "20": {
    "1-acc": true,
    "2-dg-acc": false,
    "3-cost": 0.025426149999999998,
    "4-data-valid": true,
    "4-data-sim1": 0.6,
    "4-data-sim2": 0.4683870032876369,
    "4-data-sim3": 0.75,
    "4-data-sim4": 0.631253871468128,
    "5-code-exec": true,
    "5-code-sim1": 0.4,
    "5-code-sim2": 0.9334627389907837,
    "5-code-sim3": 0.2,
    "5-code-sim4": 0.9580981135368347
  },
  "21": {
    "1-acc": false,
    "2-dg-acc": false,
    "3-cost": 0.025582900000000002,
    "4-data-valid": true,
    "4-data-sim1": 0.3,