{
  "1": {
    "1-acc": false,
    "2-dg-acc": false,
    "3-cost": 0.1691286,
    "4-data-valid": false,
    "4-data-sim1": 0,
    "4-data-sim2": 0,
    "4-data-sim3": 0,
    "4-data-sim4": 0,
    "5-code-exec": false,
    "5-code-sim1": 0.7,
    "5-code-sim2": 0.5606732964515686,
    "5-code-sim3": 0.2,
    "5-code-sim4": 0.5245944857597351
  },
  "2": {
    "1-acc": false,
    "2-dg-acc": false,
    "3-cost": 0.06317265,
    "4-data-valid": false,
    "4-data-sim1": 0,
    "4-data-sim2": 0,
    "4-data-sim3": 0,
    "4-data-sim4": 0,
    "5-code-exec": false,
    "5-code-sim1": 0.0,
    "5-code-sim2": 0.5806841850280762,
    "5-code-sim3": 0.1,
    "5-code-sim4": 0.589187741279602
  },
  "3": {
    "1-acc": false,
    "2-dg-acc": false,
    "3-cost": 0.06372554999999999,
    "4-data-valid": false,
    "4-data-sim1": 0,
    "4-data-sim2": 0,
    "4-data-sim3": 0,
    "4-data-sim4": 0,
    "5-code-exec": false,
    "5-code-sim1": 1.0,
    "5-code-sim2": 0.5013217926025391,
    "5-code-sim3": 0.8,
    "5-code-sim4": 0.4839601218700409
  },
  "4": {
    "1-acc": false,
    "2-dg-acc": false,
    "3-cost": 0.16163775,
    "4-data-valid": true,
    "4-data-sim1": 0.7,
    "4-data-sim2": 0.25824067424336145,
    "4-data-sim3": 0.85,
    "4-data-sim4": 0.48913275817372287,
    "5-code-exec": false,
    "5-code-sim1": 0.2,
    "5-code-sim2": 0.9905394315719604,
    "5-code-sim3": 0.2,
    "5-code-sim4": 0.9941349029541016
  },
  "5": {
    "1-acc": false,
    "2-dg-acc": false,
    "3-cost": 0.06317175,
    "4-data-valid": false,
    "4-data-sim1": 0,
    "4-data-sim2": 0,
    "4-data-sim3": 0,
    "4-data-sim4": 0,
    "5-code-exec": false,
    "5-code-sim1": 0.0,
    "5-code-sim2": 0.757362425327301,
    "5-code-sim3": 0.0,
    "5-code-sim4": 0.7508217692375183
  },
  "6": {
    "1-acc": false,
    "2-dg-acc": false,
    "3-cost": 0.11724675,
    "4-data-valid": false,
    "4-data-sim1": 0,
    "4-data-sim2": 0,
    "4-data-sim3": 0,
    "4-data-sim4": 0,
    "5-code-exec": false,
    "5-code-sim1": 0.0,
    "5-code-sim2": 0.5669710040092468,
    "5-code-sim3": 0.2,
    "5-code-sim4": 0.5265296101570129
  },
  "7": {
    "1-acc": false,
    "2-dg-acc": false,
    "3-cost": 0.06317205,
    "4-data-valid": false,
    "4-data-sim1": 0,
    "4-data-sim2": 0,
    "4-data-sim3": 0,
    "4-data-sim4": 0,
    "5-code-exec": false,
    "5-code-sim1": 0.5,
    "5-code-sim2": 0.6446335315704346,
    "5-code-sim3": 0.2,
    "5-code-sim4": 0.6074860692024231
  },
  "8": {
    "1-acc": false,
    "2-dg-acc": false,
    "3-cost": 0.0639771,
    "4-data-valid": false,
    "4-data-sim1": 0,
    "4-data-sim2": 0,
    "4-data-sim3": 0,
    "4-data-sim4": 0,
    "5-code-exec": false,
    "5-code-sim1": 1.0,
    "5-code-sim2": 0.5701603293418884,
    "5-code-sim3": 0.8,
    "5-code-sim4": 0.5574505925178528
  },
  "9": {
    "1-acc": false,
    "2-dg-acc": false,
    "3-cost": 0.0640785,
    "4-data-valid": false,
    "4-data-sim1": 0,
    "4-data-sim2": 0,
    "4-data-sim3": 0,
    "4-data-sim4": 0,
    "5-code-exec": false,
    "5-code-sim1": 1.0,
    "5-code-sim2": 0.5350379943847656,
    "5-code-sim3": 1.0,
    "5-code-sim4": 0.5394238233566284
  },
  "10": {
    "1-acc": false,
    "2-dg-acc": false,
    "3-cost": 0.06385139999999999,
    "4-data-valid": false,
    "4-data-sim1": 0,
    "4-data-sim2": 0,
    "4-data-sim3": 0,
    "4-data-sim4": 0,
    "5-code-exec": false,
    "5-code-sim1": 0.8,
    "5-code-sim2": 0.5453912615776062,
    "5-code-sim3": 0.8,
    "5-code-sim4": 0.5473987460136414
  },
  "11": {
    "1-acc": false,
    "2-dg-acc": false,
    "3-cost": 0.164541,
    "4-data-valid": false,
    "4-data-sim1": 0,
    "4-data-sim2": 0,
    "4-data-sim3": 0,
    "4-data-sim4": 0,
    "5-code-exec": false,
    "5-code-sim1": 0.8,
    "5-code-sim2": 0.60173499584198,
    "5-code-sim3": 0.5,
    "5-code-sim4": 0.598592221736908
  },
  "12": {
    "1-acc": false,
    "2-dg-acc": false,
    "3-cost": 0.17355,
    "4-data-valid": true,
    "4-data-sim1": 0.3,
    "4-data-sim2": 0.48769142639980034,
    "4-data-sim3": 0.85,
    "4-data-sim4": 0.3735710867631583,
    "5-code-exec": false,
    "5-code-sim1": 0.3,
    "5-code-sim2": 0.990765392780304,
    "5-code-sim3": 0.2,
    "5-code-sim4": 0.9915134310722351
  },
  "13": {
    "1-acc": false,
    "2-dg-acc": false,
    "3-cost": 0.0631416,
    "4-data-valid": false,
    "4-data-sim1": 0,
    "4-data-sim2": 0,
    "4-data-sim3": 0,
    "4-data-sim4": 0,
    "5-code-exec": false,
    "5-code-sim1": 0.8,
    "5-code-sim2": 0.5866326093673706,
    "5-code-sim3": 0.5,
    "5-code-sim4": 0.5546451807022095
  },
  "14": {
    "1-acc": false,
    "2-dg-acc": false,
    "3-cost": 0.16872689999999999,
    "4-data-valid": false,
    "4-data-sim1": 0,
    "4-data-sim2": 0,
    "4-data-sim3": 0,
    "4-data-sim4": 0,
    "5-code-exec": false,
    "5-code-sim1": 1.0,
    "5-code-sim2": 0.5841435790061951,
    "5-code-sim3": 0.2,
    "5-code-sim4": 0.5135960578918457
  },
  "15": {
    "1-acc": false,
    "2-dg-acc": false,
    "3-cost": 0.06325005,
    "4-data-valid": false,
    "4-data-sim1": 0,
    "4-data-sim2": 0,
    "4-data-sim3": 0,
    "4-data-sim4": 0,
    "5-code-exec": false,
    "5-code-sim1": 0.2,
    "5-code-sim2": 0.5953369140625,
    "5-code-sim3": 0.2,
    "5-code-sim4": 0.5658549070358276
  },
  "16": {
    "1-acc": false,
    "2-dg-acc": false,
    "3-cost": 0.16493385,
    "4-data-valid": false,
    "4-data-sim1": 0,
    "4-data-sim2": 0,
    "4-data-sim3": 0,
    "4-data-sim4": 0,
    "5-code-exec": false,
    "5-code-sim1": 0.2,
    "5-code-sim2": 0.6076984405517578,
    "5-code-sim3": 0.3,
    "5-code-sim4": 0.6131824851036072
  },
  "17": {
    "1-acc": false,
    "2-dg-acc": false,
    "3-cost": 0.06315195,
    "4-data-valid": false,
    "4-data-sim1": 0,
    "4-data-sim2": 0,
    "4-data-sim3": 0,
    "4-data-sim4": 0,
    "5-code-exec": false,
    "5-code-sim1": 0.6,
    "5-code-sim2": 0.5539107322692871,
    "5-code-sim3": 0.3,
    "5-code-sim4": 0.5138241648674011
  },
  "18": {
    "1-acc": false,
    "2-dg-acc": false,
    "3-cost": 0.11950664999999999,
    "4-data-valid": false,
    "4-data-sim1": 0,
    "4-data-sim2": 0,
    "4-data-sim3": 0,
    "4-data-sim4": 0,
    "5-code-exec": false,
    "5-code-sim1": 0.8,
    "5-code-sim2": 0.5957106351852417,
    "5-code-sim3": 0.5,
    "5-code-sim4": 0.6117870211601257
  },
  "19": {
    "1-acc": false,
    "2-dg-acc": false,
    "3-cost": 0.06441224999999999,
    "4-data-valid": false,
    "4-data-sim1": 0,
    "4-data-sim2": 0,
    "4-data-sim3": 0,
    "4-data-sim4": 0,
    "5-code-exec": false,
    "5-code-sim1": 0.9,
    "5-code-sim2": 0.5002275109291077,
    "5-code-sim3": 1.0,
    "5-code-sim4": 0.5090135931968689
  },
  "20": {
    "1-acc": false,
    "2-dg-acc": false,
    "3-cost": 0.1728498,
    "4-data-valid": false,
    "4-data-sim1": 0,
    "4-data-sim2": 0,
    "4-data-sim3": 0,
    "4-data-sim4": 0,
    "5-code-exec": false,
    "5-code-sim1": 0.3,
    "5-code-sim2": 0.9868564605712891,
    "5-code-sim3": 0.2,
    "5-code-sim4": 0.9908116459846497
  },
  "21": {
    "1-acc": false,
    "2-dg-acc": false,
    "3-cost": 0.16867395,
    "4-data-valid": false,
    "4-data-sim1": 0,
    "4-data-sim2": 0,
    "4-data-sim3": 0,
    "4-data-sim4": 0,
    "5-code-exec": false,
    "5-code-sim1": 0.2,
    "5-code-sim2": 0.5710969567298889,
    "5-code-sim3": 0.0,
    "5-code-sim4": 0.6003316640853882
  },
  "22": {
    "1-acc": false,
    "2-dg-acc": false,
    "3-cost": 0.06314925,
    "4-data-valid": false,
    "4-data-sim1": 0,
    "4-data-sim2": 0,
    "4-data-sim3": 0,
    "4-data-sim4": 0,
    "5-code-exec": false,
    "5-code-sim1": 0.7,
    "5-code-sim2": 0.5070506930351257,
    "5-code-sim3": 0.1,
    "5-code-sim4": 0.4600909948348999
  },
  "23": {
    "1-acc": false,
    "2-dg-acc": false,
    "3-cost": 0.071484,
    "4-data-valid": false,
    "4-data-sim1": 0,
    "4-data-sim2": 0,
    "4-data-sim3": 0,
    "4-data-sim4": 0,