{
    "1-acc": 0.0,
    "2-dg-acc": 0.0,
    "4-data-valid": 0.08,
    "5-code-exec": 0.0,
    "3-cost": 10.982930399999999,
    "4-data-sim1": 0.04,
    "4-data-sim2": 0.029837284025726475,
    "4-data-sim3": 0.068,
    "4-data-sim4": 0.034508153797475245,
    "5-code-sim1": 0.568,
    "5-code-sim2": 0.62194322347641,
    "5-code-sim3": 0.41999999999999993,
    "5-code-sim4": 0.6094792258739471
}