{
    "1-acc": 0.52,
    "2-dg-acc": 0.48,
    "4-data-valid": 0.92,
    "5-code-exec": 0.72,
    "3-cost": 4.596165600000001,
    "4-data-sim1": 0.616,
    "4-data-sim2": 0.6550790780241905,
    "4-data-sim3": 0.768336,
    "4-data-sim4": 0.0,
    "5-code-sim1": 0.6040000000000001,
    "5-code-sim2": 0.883973433971405,
    "5-code-sim3": 0.5680000000000001,
    "5-code-sim4": 0.88642911195755
}