{
  "1": {
    "1-acc": false,
    "2-dg-acc": false,
    "3-cost": 0.0255133,
    "4-data-valid": true,
    "4-data-sim1": 0.85,
    "4-data-sim2": 0.8989419031673107,
    "4-data-sim3": 0.9642,
    "4-data-sim4": 0,
    "5-code-exec": false,
    "5-code-sim1": 0.9,
    "5-code-sim2": 0.9712742567062378,
    "5-code-sim3": 0.8,
    "5-code-sim4": 0.9670419096946716
  },
  "2": {
    "1-acc": false,
    "2-dg-acc": false,
    "3-cost": 0.0375028,
    "4-data-valid": true,
    "4-data-sim1": 0.6,
    "4-data-sim2": 0.7132619357397034,
    "4-data-sim3": 0.7834,
    "4-data-sim4": 0,
    "5-code-exec": true,
    "5-code-sim1": 0.8,
    "5-code-sim2": 0.9581384062767029,
    "5-code-sim3": 0.8,
    "5-code-sim4": 0.9573691487312317
  },
  "3": {
    "1-acc": true,
    "2-dg-acc": true,
    "3-cost": 0.025304500000000004,
    "4-data-valid": true,
    "4-data-sim1": 0.9,
    "4-data-sim2": 0.9389537650075792,
    "4-data-sim3": 0.9897,
    "4-data-sim4": 0,
    "5-code-exec": true,
    "5-code-sim1": 1.0,
    "5-code-sim2": 0.9671497941017151,
    "5-code-sim3": 1.0,
    "5-code-sim4": 0.9786562323570251
  },
  "4": {
    "1-acc": false,
    "2-dg-acc": false,
    "3-cost": 0.0734581,
    "4-data-valid": true,
    "4-data-sim1": 0.2,
    "4-data-sim2": 0.4238757906652538,
    "4-data-sim3": 0.675,
    "4-data-sim4": 0,
    "5-code-exec": true,
    "5-code-sim1": 0.0,
    "5-code-sim2": 0.937157154083252,
    "5-code-sim3": 0.2,
    "5-code-sim4": 0.9385475516319275
  },
  "5": {
    "1-acc": true,
    "2-dg-acc": true,
    "3-cost": 0.0253579,
    "4-data-valid": true,
    "4-data-sim1": 0.95,
    "4-data-sim2": 0.7451673394808408,
    "4-data-sim3": 0.985,
    "4-data-sim4": 0,
    "5-code-exec": true,
    "5-code-sim1": 0.5,
    "5-code-sim2": 0.9577286243438721,
    "5-code-sim3": 0.6,
    "5-code-sim4": 0.9577043056488037
  },
  "6": {
    "1-acc": false,
    "2-dg-acc": false,
    "3-cost": 0.061760950000000016,
    "4-data-valid": true,
    "4-data-sim1": 0.7,
    "4-data-sim2": 0.8217484472625223,
    "4-data-sim3": 0.9694,
    "4-data-sim4": 0,
    "5-code-exec": false,
    "5-code-sim1": 0.6,
    "5-code-sim2": 0.9450486302375793,
    "5-code-sim3": 0.8,
    "5-code-sim4": 0.9504968523979187
  },
  "7": {
    "1-acc": false,
    "2-dg-acc": false,
    "3-cost": 0.0730444,
    "4-data-valid": true,
    "4-data-sim1": 0.4,
    "4-data-sim2": 0.5164078347084435,
    "4-data-sim3": 0.7325,
    "4-data-sim4": 0,
    "5-code-exec": false,
    "5-code-sim1": 0.5,
    "5-code-sim2": 0.9619070887565613,
    "5-code-sim3": 0.7,
    "5-code-sim4": 0.9584815502166748
  },
  "8": {
    "1-acc": false,
    "2-dg-acc": false,
    "3-cost": 0.07309569999999999,
    "4-data-valid": false,
    "4-data-sim1": 0,
    "4-data-sim2": 0,
    "4-data-sim3": 0,
    "4-data-sim4": 0,
    "5-code-exec": false,
    "5-code-sim1": 0.8,
    "5-code-sim2": 0,
    "5-code-sim3": 0,
    "5-code-sim4": 0
  },
  "9": {
    "1-acc": true,
    "2-dg-acc": true,
    "3-cost": 0.0253315,
    "4-data-valid": true,
    "4-data-sim1": 0.95,
    "4-data-sim2": 0.8169567395912201,
    "4-data-sim3": 0.965,
    "4-data-sim4": 0,
    "5-code-exec": true,
    "5-code-sim1": 0.5,
    "5-code-sim2": 0.9623438715934753,
    "5-code-sim3": 0.5,
    "5-code-sim4": 0.9691471457481384
  },
  "10": {
    "1-acc": false,
    "2-dg-acc": false,
    "3-cost": 0.025428100000000002,
    "4-data-valid": true,
    "4-data-sim1": 0.5,
    "4-data-sim2": 0.7880789060849216,
    "4-data-sim3": 0.845,
    "4-data-sim4": 0,
    "5-code-exec": true,
    "5-code-sim1": 0.5,
    "5-code-sim2": 0.9862476587295532,
    "5-code-sim3": 0.7,
    "5-code-sim4": 0.9801878929138184
  },
  "11": {
    "1-acc": false,
    "2-dg-acc": false,
    "3-cost": 0.0376204,
    "4-data-valid": true,
    "4-data-sim1": 0.6,
    "4-data-sim2": 0.7404315352851918,
    "4-data-sim3": 0.8734,
    "4-data-sim4": 0,
    "5-code-exec": true,
    "5-code-sim1": 0.5,
    "5-code-sim2": 0.9666443467140198,
    "5-code-sim3": 0.5,
    "5-code-sim4": 0.9821915030479431
  },
  "12": {
    "1-acc": true,
    "2-dg-acc": true,
    "3-cost": 0.0728428,
    "4-data-valid": true,
    "4-data-sim1": 0.7,
    "4-data-sim2": 0.72735055195114,
    "4-data-sim3": 0.865,
    "4-data-sim4": 0,
    "5-code-exec": true,
    "5-code-sim1": 0.4,
    "5-code-sim2": 0.9855625033378601,
    "5-code-sim3": 0.3,
    "5-code-sim4": 0.9738980531692505
  },
  "13": {
    "1-acc": false,
    "2-dg-acc": false,
    "3-cost": 0.061560550000000006,
    "4-data-valid": false,
    "4-data-sim1": 0,
    "4-data-sim2": 0,
    "4-data-sim3": 0,
    "4-data-sim4": 0,
    "5-code-exec": false,
    "5-code-sim1": 0.5,
    "5-code-sim2": 0,
    "5-code-sim3": 0,
    "5-code-sim4": 0
  },
  "14": {
    "1-acc": true,
    "2-dg-acc": true,
    "3-cost": 0.025474450000000003,
    "4-data-valid": true,
    "4-data-sim1": 0.85,
    "4-data-sim2": 0.8198716190424888,
    "4-data-sim3": 0.9743,
    "4-data-sim4": 0,
    "5-code-exec": true,
    "5-code-sim1": 0.5,
    "5-code-sim2": 0.9605157971382141,
    "5-code-sim3": 0.5,
    "5-code-sim4": 0.9682231545448303
  },
  "15": {
    "1-acc": true,
    "2-dg-acc": true,
    "3-cost": 0.07342555,
    "4-data-valid": true,
    "4-data-sim1": 0.6,
    "4-data-sim2": 0.5141918636822466,
    "4-data-sim3": 0.8534,
    "4-data-sim4": 0,
    "5-code-exec": true,
    "5-code-sim1": 0.3,
    "5-code-sim2": 0.9634208679199219,
    "5-code-sim3": 0.4,
    "5-code-sim4": 0.9728865623474121
  },
  "16": {
    "1-acc": false,
    "2-dg-acc": false,
    "3-cost": 0.0255529,
    "4-data-valid": true,
    "4-data-sim1": 0.75,
    "4-data-sim2": 0.7013411988568305,
    "4-data-sim3": 0.835,
    "4-data-sim4": 0,
    "5-code-exec": true,
    "5-code-sim1": 0.3,
    "5-code-sim2": 0.9575523734092712,
    "5-code-sim3": 0.0,
    "5-code-sim4": 0.9716617465019226
  },
  "17": {
    "1-acc": true,
    "2-dg-acc": true,
    "3-cost": 0.07299415,
    "4-data-valid": true,
    "4-data-sim1": 0.6,
    "4-data-sim2": 0.8142600137045551,
    "4-data-sim3": 0.9442,
    "4-data-sim4": 0,
    "5-code-exec": true,
    "5-code-sim1": 0.9,
    "5-code-sim2": 0.9708198308944702,
    "5-code-sim3": 0.7,
    "5-code-sim4": 0.9699075818061829
  },
  "18": {
    "1-acc": true,
    "2-dg-acc": true,
    "3-cost": 0.0363318,
    "4-data-valid": true,
    "4-data-sim1": 0.6,
    "4-data-sim2": 0.31807686501041166,
    "4-data-sim3": 0.849,
    "4-data-sim4": 0,
    "5-code-exec": true,
    "5-code-sim1": 0.3,
    "5-code-sim2": 0.9571371078491211,
    "5-code-sim3": 0.3,
    "5-code-sim4": 0.9529978036880493
  },
  "19": {
    "1-acc": true,
    "2-dg-acc": true,
    "3-cost": 0.0253846,
    "4-data-valid": true,
    "4-data-sim1": 0.4,
    "4-data-sim2": 0.45465066449612357,
    "4-data-sim3": 0.0,
    "4-data-sim4": 0,
    "5-code-exec": true,
    "5-code-sim1": 1.0,
    "5-code-sim2": 0.9607904553413391,
    "5-code-sim3": 1.0,
    "5-code-sim4": 0.9781302213668823
  },
  "20": {
    "1-acc": false,
    "2-dg-acc": false,
    "3-cost": 0.0254029,
    "4-data-valid": true,
    "4-data-sim1": 0.85,
    "4-data-sim2": 0.7805455980514258,
    "4-data-sim3": 0.9675,
    "4-data-sim4": 0,
    "5-code-exec": false,
    "5-code-sim1": 1.0,
    "5-code-sim2": 0.9777467250823975,
    "5-code-sim3": 1.0,
    "5-code-sim4": 0.9856684803962708
  },
  "21": {
    "1-acc": false,
    "2-dg-acc": false,
    "3-cost": 0.049456,
    "4-data-valid": true,
    "4-data-sim1": 0.7,
    "4-data-sim2": 0.7475313222888612,
    "4-data-sim3": 0.8372,
    "4-data-sim4": 0,
    "5-code-exec": true,
    "5-code-sim1": 0.8,
    "5-code-sim2": 0.9447713494300842,
    "5-code-sim3": 0.8,
    "5-code-sim4": 0.9415090084075928
  },
  "22": {
    "1-acc": true,
    "2-dg-acc": false,
    "3-cost": 0.02551855,
    "4-data-valid": true,
    "4-data-sim1": 0.85,
    "4-data-sim2": 0.8621290760246756,
    "4-data-sim3": 0.8973,
    "4-data-sim4": 0,
    "5-code-exec": false,
    "5-code-sim1": 1.0,