{
  "1": {
    "1-acc": false,
    "2-dg-acc": false,
    "3-cost": 0.0280056,
    "4-data-valid": true,
    "4-data-sim1": 0.6,
    "4-data-sim2": 0.5759599755243483,
    "4-data-sim3": 0.8325,
    "4-data-sim4": 0.5413356321598717,
    "5-code-exec": true,
    "5-code-sim1": 0.7,
    "5-code-sim2": 0.9871973991394043,
    "5-code-sim3": 0.7,
    "5-code-sim4": 0.9745046496391296
  },
  "2": {
    "1-acc": false,
    "2-dg-acc": false,
    "3-cost": 0.06791205,
    "4-data-valid": true,
    "4-data-sim1": 0.7,
    "4-data-sim2": 0.3634671016705318,
    "4-data-sim3": 0.7865,
    "4-data-sim4": 0.4723066051657557,
    "5-code-exec": false,
    "5-code-sim1": 0.5,
    "5-code-sim2": 0.9828075170516968,
    "5-code-sim3": 0.5,
    "5-code-sim4": 0.9641105532646179
  },
  "3": {
    "1-acc": false,
    "2-dg-acc": false,
    "3-cost": 0.1528191,
    "4-data-valid": false,
    "4-data-sim1": 0,
    "4-data-sim2": 0,
    "4-data-sim3": 0,
    "4-data-sim4": 0,
    "5-code-exec": false,
    "5-code-sim1": 1.0,
    "5-code-sim2": 0.5940958261489868,
    "5-code-sim3": 1.0,
    "5-code-sim4": 0.6607837677001953
  },
  "4": {
    "1-acc": false,
    "2-dg-acc": true,
    "3-cost": 0.15049755,
    "4-data-valid": true,
    "4-data-sim1": 0.2,
    "4-data-sim2": 0.49698838617375196,
    "4-data-sim3": 0.537,
    "4-data-sim4": 0.6184642917198568,
    "5-code-exec": false,
    "5-code-sim1": 0.8,
    "5-code-sim2": 0.9727020263671875,
    "5-code-sim3": 0.8,
    "5-code-sim4": 0.9754940867424011
  },
  "5": {
    "1-acc": false,
    "2-dg-acc": false,
    "3-cost": 0.0199335,
    "4-data-valid": false,
    "4-data-sim1": 0,
    "4-data-sim2": 0,
    "4-data-sim3": 0,
    "4-data-sim4": 0,
    "5-code-exec": false,
    "5-code-sim1": 0.3,
    "5-code-sim2": 0.6473366618156433,
    "5-code-sim3": 0.0,
    "5-code-sim4": 0.6687340140342712
  },
  "6": {
    "1-acc": false,
    "2-dg-acc": false,
    "3-cost": 0.0485829,
    "4-data-valid": true,
    "4-data-sim1": 0.7,
    "4-data-sim2": 0.8538272123949926,
    "4-data-sim3": 0.905,
    "4-data-sim4": 0.7853977750875504,
    "5-code-exec": false,
    "5-code-sim1": 0.8,
    "5-code-sim2": 0.9607769250869751,
    "5-code-sim3": 0.7,
    "5-code-sim4": 0.9526045322418213
  },
  "7": {
    "1-acc": false,
    "2-dg-acc": false,
    "3-cost": 0.0630858,
    "4-data-valid": false,
    "4-data-sim1": 0,
    "4-data-sim2": 0,
    "4-data-sim3": 0,
    "4-data-sim4": 0,
    "5-code-exec": false,
    "5-code-sim1": 1.0,
    "5-code-sim2": 0.5394774675369263,
    "5-code-sim3": 1.0,
    "5-code-sim4": 0.56226646900177
  },
  "8": {
    "1-acc": false,
    "2-dg-acc": false,
    "3-cost": 0.0630858,
    "4-data-valid": false,
    "4-data-sim1": 0,
    "4-data-sim2": 0,
    "4-data-sim3": 0,
    "4-data-sim4": 0,
    "5-code-exec": false,
    "5-code-sim1": 1.0,
    "5-code-sim2": 0.59600430727005,
    "5-code-sim3": 1.0,
    "5-code-sim4": 0.5834798216819763
  },
  "9": {
    "1-acc": false,
    "2-dg-acc": false,
    "3-cost": 0.09975075,
    "4-data-valid": false,
    "4-data-sim1": 0,
    "4-data-sim2": 0,
    "4-data-sim3": 0,
    "4-data-sim4": 0,
    "5-code-exec": false,
    "5-code-sim1": 0.5,
    "5-code-sim2": 0.6273365020751953,
    "5-code-sim3": 0.5,
    "5-code-sim4": 0.6478955745697021
  },
  "10": {
    "1-acc": false,
    "2-dg-acc": false,
    "3-cost": 0.1688169,
    "4-data-valid": false,
    "4-data-sim1": 0,
    "4-data-sim2": 0,
    "4-data-sim3": 0,
    "4-data-sim4": 0,
    "5-code-exec": false,
    "5-code-sim1": 1.0,
    "5-code-sim2": 0.5321556329727173,
    "5-code-sim3": 1.0,
    "5-code-sim4": 0.4993995726108551
  },
  "11": {
    "1-acc": false,
    "2-dg-acc": false,
    "3-cost": 0.1620798,
    "4-data-valid": false,
    "4-data-sim1": 0,
    "4-data-sim2": 0,
    "4-data-sim3": 0,
    "4-data-sim4": 0,
    "5-code-exec": false,
    "5-code-sim1": 0.5,
    "5-code-sim2": 0.5825946927070618,
    "5-code-sim3": 1.0,
    "5-code-sim4": 0.571372389793396
  },
  "12": {
    "1-acc": false,
    "2-dg-acc": false,
    "3-cost": 0.16705874999999998,
    "4-data-valid": false,
    "4-data-sim1": 0,
    "4-data-sim2": 0,
    "4-data-sim3": 0,
    "4-data-sim4": 0,
    "5-code-exec": false,
    "5-code-sim1": 1.0,
    "5-code-sim2": 0.5897662043571472,
    "5-code-sim3": 0.5,
    "5-code-sim4": 0.646787703037262
  },
  "13": {
    "1-acc": false,
    "2-dg-acc": false,
    "3-cost": 0.16679534999999998,
    "4-data-valid": false,
    "4-data-sim1": 0,
    "4-data-sim2": 0,
    "4-data-sim3": 0,
    "4-data-sim4": 0,
    "5-code-exec": false,
    "5-code-sim1": 1.0,
    "5-code-sim2": 0.6722310185432434,
    "5-code-sim3": 1.0,
    "5-code-sim4": 0.686869740486145
  },
  "14": {
    "1-acc": false,
    "2-dg-acc": true,
    "3-cost": 0.16756005,
    "4-data-valid": true,
    "4-data-sim1": 0.7,
    "4-data-sim2": 0.7851334511301062,
    "4-data-sim3": 0.8725,
    "4-data-sim4": 0.6932524943549808,
    "5-code-exec": true,
    "5-code-sim1": 0.5,
    "5-code-sim2": 0.9635325074195862,
    "5-code-sim3": 0.5,
    "5-code-sim4": 0.97280353307724
  },
  "15": {
    "1-acc": false,
    "2-dg-acc": false,
    "3-cost": 0.020298749999999997,
    "4-data-valid": false,
    "4-data-sim1": 0,
    "4-data-sim2": 0,
    "4-data-sim3": 0,
    "4-data-sim4": 0,
    "5-code-exec": false,
    "5-code-sim1": 0.1,
    "5-code-sim2": 0.6157131195068359,
    "5-code-sim3": 0.3,
    "5-code-sim4": 0.6217326521873474
  },
  "16": {
    "1-acc": false,
    "2-dg-acc": false,
    "3-cost": 0.166932,
    "4-data-valid": false,
    "4-data-sim1": 0,
    "4-data-sim2": 0,
    "4-data-sim3": 0,
    "4-data-sim4": 0,
    "5-code-exec": false,
    "5-code-sim1": 1.0,
    "5-code-sim2": 0.6396231055259705,
    "5-code-sim3": 1.0,
    "5-code-sim4": 0.6421642303466797
  },
  "17": {
    "1-acc": false,
    "2-dg-acc": false,
    "3-cost": 0.1487097,
    "4-data-valid": false,
    "4-data-sim1": 0,
    "4-data-sim2": 0,
    "4-data-sim3": 0,
    "4-data-sim4": 0,
    "5-code-exec": false,
    "5-code-sim1": 1.0,
    "5-code-sim2": 0.5677015781402588,
    "5-code-sim3": 1.0,
    "5-code-sim4": 0.5877392292022705
  },
  "18": {
    "1-acc": false,
    "2-dg-acc": false,
    "3-cost": 0.14583629999999997,
    "4-data-valid": false,
    "4-data-sim1": 0,
    "4-data-sim2": 0,
    "4-data-sim3": 0,
    "4-data-sim4": 0,
    "5-code-exec": false,
    "5-code-sim1": 0.5,
    "5-code-sim2": 0.6477495431900024,
    "5-code-sim3": 0.5,
    "5-code-sim4": 0.6579996943473816
  },
  "19": {
    "1-acc": false,
    "2-dg-acc": false,
    "3-cost": 0.14670795,
    "4-data-valid": true,
    "4-data-sim1": 0.3,
    "4-data-sim2": 0.4115618475145745,
    "4-data-sim3": 0.0,
    "4-data-sim4": 0.545154021191527,
    "5-code-exec": false,
    "5-code-sim1": 0.5,
    "5-code-sim2": 0.953089714050293,
    "5-code-sim3": 0.5,
    "5-code-sim4": 0.968625545501709
  },
  "20": {
    "1-acc": false,
    "2-dg-acc": false,
    "3-cost": 0.085041,
    "4-data-valid": true,
    "4-data-sim1": 0.7,
    "4-data-sim2": 0.7537809021489782,
    "4-data-sim3": 0.8632,
    "4-data-sim4": 0.7814790812222926,
    "5-code-exec": false,
    "5-code-sim1": 0.8,
    "5-code-sim2": 0.9821044206619263,
    "5-code-sim3": 1.0,
    "5-code-sim4": 0.9880326390266418
  },
  "21": {
    "1-acc": false,
    "2-dg-acc": false,
    "3-cost": 0.10950435,
    "4-data-valid": false,
    "4-data-sim1": 0,
    "4-data-sim2": 0,
    "4-data-sim3": 0,
    "4-data-sim4": 0,
    "5-code-exec": false,
    "5-code-sim1": 0.9,
    "5-code-sim2": 0.6506005525588989,
    "5-code-sim3": 1.0,
    "5-code-sim4": 0.6766378283500671
  },
  "22": {
    "1-acc": false,
    "2-dg-acc": false,
    "3-cost": 0.06365549999999999,
    "4-data-valid": false,
    "4-data-sim1": 0,
    "4-data-sim2": 0,
    "4-data-sim3": 0,
    "4-data-sim4": 0,
    "5-code-exec": false,
    "5-code-sim1": 1.0,
    "5-code-sim2": 0.5915126800537109,
    "5-code-sim3": 1.0,
    "5-code-sim4": 0.5716981291770935
  },