{
    "1-acc": 0.0,
    "2-dg-acc": 0.08,
    "4-data-valid": 0.28,
    "5-code-exec": 0.08,
    "3-cost": 11.660064599999998,
    "4-data-sim1": 0.15599999999999997,
    "4-data-sim2": 0.16962875506229136,
    "4-data-sim3": 0.19186799999999998,
    "4-data-sim4": 0.17749559603607337,
    "5-code-sim1": 0.716,
    "5-code-sim2": 0.7063404750823975,
    "5-code-sim3": 0.72,
    "5-code-sim4": 0.7205824363231659
}